,precision,recall,f1-score,support
Investment_High,0.48936170212765956,0.7040816326530612,0.5774058577405857,98.0
Investment_Low,0.46153846153846156,0.4925373134328358,0.47653429602888087,134.0
Speculative,0.686046511627907,0.3710691823899371,0.4816326530612245,159.0
Distressed,0.19444444444444445,0.4666666666666667,0.27450980392156865,15.0
accuracy,0.49507389162561577,0.49507389162561577,0.49507389162561577,0.49507389162561577
macro avg,0.45784777993461817,0.5085886987856252,0.45252065268806496,406.0
weighted avg,0.5463095139659319,0.49507389162561577,0.4954152921724278,406.0
