,precision,recall,f1-score,support
Investment_High,0.90625,0.8877551020408163,0.8969072164948454,98.0
Investment_Low,0.8450704225352113,0.8955223880597015,0.8695652173913043,134.0
Speculative,0.9358974358974359,0.9182389937106918,0.926984126984127,159.0
Distressed,1.0,0.8,0.8888888888888888,15.0
accuracy,0.8990147783251231,0.8990147783251231,0.8990147783251231,0.8990147783251231
macro avg,0.9218044646081618,0.8753791209528023,0.8955863624397914,406.0
weighted avg,0.9011320909542134,0.8990147783251231,0.8993656548540373,406.0
