,precision,recall,f1-score,support
Investment_High,0.6407766990291263,0.6666666666666666,0.6534653465346535,99.0
Investment_Low,0.51875,0.6194029850746269,0.564625850340136,134.0
Speculative,0.8512396694214877,0.5988372093023255,0.7030716723549488,172.0
Distressed,0.045454545454545456,1.0,0.08695652173913043,1.0
accuracy,0.6231527093596059,0.6231527093596059,0.6231527093596059,0.6231527093596059
macro avg,0.5140552284762898,0.7212267152609048,0.5020298477422173,406.0
weighted avg,0.6881972189404777,0.6231527093596059,0.643764082313545,406.0
