,precision,recall,f1-score,support
Investment_High,0.54,0.5510204081632653,0.5454545454545454,98.0
Investment_Low,0.5221238938053098,0.44029850746268656,0.4777327935222672,134.0
Speculative,0.6024844720496895,0.610062893081761,0.60625,159.0
Distressed,0.125,0.26666666666666666,0.1702127659574468,15.0
accuracy,0.5270935960591133,0.5270935960591133,0.5270935960591133,0.5270935960591133
macro avg,0.4474020914637499,0.46701211884359484,0.44991252623356487,406.0
weighted avg,0.5432380118862368,0.5270935960591133,0.5330484760489924,406.0
