,precision,recall,f1-score,support
Investment_High,0.995,0.995,0.995,200.0
Investment_Low,0.9888475836431226,0.9962546816479401,0.9925373134328358,267.0
Speculative,0.9933993399339934,0.9901315789473685,0.9917627677100495,304.0
Distressed,0.9666666666666667,0.9354838709677419,0.9508196721311475,31.0
accuracy,0.9912718204488778,0.9912718204488778,0.9912718204488778,0.9912718204488778
macro avg,0.9859783975609457,0.9792175328907626,0.9825299383185082,802.0
weighted avg,0.9912498389517636,0.9912718204488778,0.9912453290604585,802.0
