,precision,recall,f1-score,support
Investment_High,0.5346534653465347,0.5510204081632653,0.542713567839196,98.0
Investment_Low,0.5,0.4552238805970149,0.4765625,134.0
Speculative,0.61875,0.6226415094339622,0.6206896551724138,159.0
Distressed,0.17391304347826086,0.26666666666666666,0.21052631578947367,15.0
accuracy,0.5369458128078818,0.5369458128078818,0.5369458128078818,0.5369458128078818
macro avg,0.45682912720619884,0.4738881162152273,0.46262300970027087,406.0
weighted avg,0.542822623783582,0.5369458128078818,0.5391449619642785,406.0
