,precision,recall,f1-score,support
Investment_High,0.6991150442477876,0.797979797979798,0.7452830188679245,99.0
Investment_Low,0.635036496350365,0.6492537313432836,0.6420664206642066,134.0
Speculative,0.8445945945945946,0.7267441860465116,0.78125,172.0
Distressed,0.0,0.0,0.0,1.0
accuracy,0.7167487684729064,0.7167487684729064,0.7167487684729064,0.7167487684729064
macro avg,0.5446865337981868,0.5434944288423983,0.5421498598830328,406.0
weighted avg,0.7378757393146557,0.7167487684729064,0.7246180276771631,406.0
