,precision,recall,f1-score,support
Investment_High,0.6545454545454545,0.72,0.6857142857142857,50.0
Investment_Low,0.676923076923077,0.6567164179104478,0.6666666666666666,67.0
Speculative,0.7974683544303798,0.7974683544303798,0.7974683544303798,79.0
Distressed,0.25,0.14285714285714285,0.18181818181818182,7.0
accuracy,0.7093596059113301,0.7093596059113301,0.7093596059113301,0.7093596059113301
macro avg,0.5947342214747278,0.5792604787994925,0.5829168721573785,203.0
weighted avg,0.70360157084295,0.7093596059113301,0.7055424050497943,203.0
