,precision,recall,f1-score,support
Investment_High,0.4208860759493671,0.806060606060606,0.553014553014553,165.0
Investment_Low,0.464,0.25892857142857145,0.332378223495702,224.0
Speculative,0.6586538461538461,0.5189393939393939,0.5805084745762712,264.0
Distressed,0.25,0.2916666666666667,0.2692307692307692,24.0
accuracy,0.4948301329394387,0.4948301329394387,0.4948301329394387,0.4948301329394387
macro avg,0.44838498052580333,0.4688988095238095,0.4337830050793239,677.0
weighted avg,0.5218121387241669,0.4948301329394387,0.48067341072394765,677.0
