,precision,recall,f1-score,support
Investment_High,0.6330275229357798,0.696969696969697,0.6634615384615384,99.0
Investment_Low,0.5483870967741935,0.5074626865671642,0.5271317829457365,134.0
Speculative,0.7790697674418605,0.7790697674418605,0.7790697674418605,172.0
Distressed,0.0,0.0,0.0,1.0
accuracy,0.6674876847290641,0.6674876847290641,0.6674876847290641,0.6674876847290641
macro avg,0.49012109678795845,0.4958755377446804,0.49241577221228383,406.0
weighted avg,0.6654029451684338,0.6674876847290641,0.6658087468532538,406.0
