,precision,recall,f1-score,support
Investment_High,0.52,0.5306122448979592,0.5252525252525253,98.0
Investment_Low,0.4796747967479675,0.44029850746268656,0.4591439688715953,134.0
Speculative,0.6273291925465838,0.6352201257861635,0.63125,159.0
Distressed,0.13636363636363635,0.2,0.16216216216216217,15.0
accuracy,0.5295566502463054,0.5295566502463054,0.5295566502463054,0.5295566502463054
macro avg,0.4408419064145469,0.4515327195367023,0.44445216407157073,406.0
weighted avg,0.5345498003068695,0.5295566502463054,0.5315301027979646,406.0
