,precision,recall,f1-score,support
Investment_High,0.8636363636363636,0.5757575757575758,0.6909090909090909,33.0
Investment_Low,0.6666666666666666,0.8571428571428571,0.75,70.0
Speculative,0.9012345679012346,0.7525773195876289,0.8202247191011236,97.0
Distressed,0.2,0.6666666666666666,0.3076923076923077,3.0
accuracy,0.7586206896551724,0.7586206896551724,0.7586206896551724,0.7586206896551724
macro avg,0.6578843995510663,0.7130361047886821,0.6422065294256305,203.0
weighted avg,0.8038739889314602,0.7586206896551724,0.7674131757432803,203.0
