,precision,recall,f1-score,support
Investment_High,0.5242718446601942,0.5510204081632653,0.5373134328358209,98.0
Investment_Low,0.4716981132075472,0.373134328358209,0.4166666666666667,134.0
Speculative,0.6022099447513812,0.6855345911949685,0.6411764705882353,159.0
Distressed,0.1875,0.2,0.1935483870967742,15.0
accuracy,0.5320197044334976,0.5320197044334976,0.5320197044334976,0.5320197044334976
macro avg,0.44641997565478064,0.4524223319291107,0.4471762392968743,406.0
weighted avg,0.5250001703497044,0.5320197044334976,0.5254688038946425,406.0
