,precision,recall,f1-score,support
Investment_High,0.7211538461538461,0.7575757575757576,0.7389162561576355,99.0
Investment_Low,0.6259541984732825,0.6119402985074627,0.6188679245283019,134.0
Speculative,0.8011695906432749,0.7965116279069767,0.7988338192419825,172.0
Distressed,0.0,0.0,0.0,1.0
accuracy,0.7241379310344828,0.7241379310344828,0.7241379310344828,0.7241379310344828
macro avg,0.5370694088176009,0.5415069209975493,0.53915449998198,406.0
weighted avg,0.7218553274760934,0.7241379310344828,0.7228581974286191,406.0
