,precision,recall,f1-score,support
Investment_High,0.5510204081632653,0.5510204081632653,0.5510204081632653,98.0
Investment_Low,0.5116279069767442,0.4925373134328358,0.5019011406844106,134.0
Speculative,0.6257668711656442,0.6415094339622641,0.6335403726708074,159.0
Distressed,0.125,0.13333333333333333,0.12903225806451613,15.0
accuracy,0.5517241379310345,0.5517241379310345,0.5517241379310345,0.5517241379310345
macro avg,0.4533537965764134,0.45460012222292456,0.4538735448957498,406.0
weighted avg,0.5515519016015299,0.5517241379310345,0.551534866939254,406.0
